Cell Line,Bait,BaitGene,Bait Uniprot ID,Prey,Prey Gene Entry,Prey Gene Name,PPIcode,PPIcode Uniprot,Mutant,Log2 fold change (mutant/WT),pvalue,adjpvalue
HET-1A,HRAS_g12d,HRAS,P01112,O15211,RGL2_HUMAN,RGL2,HRAS_g12d_O15211,P01112_O15211,G12D,0.610631333748155,0.0463949003392363,0.102829883823438
HET-1A,HRAS_g12d,HRAS,P01112,Q13671,RIN1_HUMAN,RIN1,HRAS_g12d_Q13671,P01112_Q13671,G12D,0.450163193494343,0.0635654262717895,0.127231034460477
CAL-33,HRAS_wt,HRAS,P01112,Q13671,RIN1_HUMAN,RIN1,HRAS_wt_Q13671,P01112_Q13671,G12D,1.13063006042732,0.000705342854721458,0.0497942040843787
